Date,Open,High,Low,Close,Adj Close,Volume,sentiment
2014-01-02,398.799988,399.359985,394.019989,397.970001,397.970001,2137800,-1.0
2014-01-03,398.290009,402.709991,396.220001,396.440002,396.440002,2210200,0.0
2014-01-06,395.850006,397.0,388.420013,393.630005,393.630005,3170600,-1.0
2014-01-07,395.040009,398.470001,394.290009,398.029999,398.029999,1916000,0.0
2014-01-08,398.470001,403.0,396.040009,401.920013,401.920013,2316500,1.0
2014-01-09,403.709991,406.890015,398.440002,401.01001,401.01001,2103000,1.0
2014-01-10,402.529999,403.76001,393.799988,397.660004,397.660004,2679500,-1.0
2014-01-13,397.980011,399.779999,388.450012,390.980011,390.980011,2844900,1.0
2014-01-14,392.130005,398.630005,391.290009,397.540009,397.540009,2340100,-1.0
2014-01-15,398.940002,399.309998,392.529999,395.869995,395.869995,2678300,1.0
2014-01-16,393.679993,399.290009,389.410004,395.799988,395.799988,2601200,-1.0
2014-01-17,394.26001,403.48999,393.660004,399.609985,399.609985,4505100,0.0
2014-01-21,403.0,407.799988,401.600006,407.049988,407.049988,3122100,1.0
2014-01-22,408.0,408.059998,402.0,404.540009,404.540009,2060500,1.0
2014-01-23,401.0,406.170013,397.790009,399.869995,399.869995,3025400,-1.0
2014-01-24,398.160004,400.200012,387.269989,387.600006,387.600006,4458400,1.0
2014-01-27,390.5,394.100006,380.48999,386.279999,386.279999,3936800,1.0
2014-01-28,387.399994,394.73999,387.119995,394.429993,394.429993,2894500,1.0
2014-01-29,392.160004,392.850006,383.23999,384.200012,384.200012,3382300,1.0
2014-01-30,393.769989,406.25,387.700012,403.01001,403.01001,10473900,1.0
2014-01-31,371.76001,375.450012,357.76001,358.690002,358.690002,16154800,-1.0
2014-02-03,358.980011,360.850006,340.100006,346.149994,346.149994,10280800,-1.0
2014-02-04,349.589996,354.0,344.019989,347.950012,347.950012,4812900,0.0
2014-02-05,346.0,349.369995,337.730011,346.450012,346.450012,4435400,0.0
2014-02-06,347.399994,354.820007,347.399994,354.589996,354.589996,3335700,1.0
2014-02-07,358.980011,361.799988,352.48999,361.079987,361.079987,4330500,1.0
2014-02-10,361.609985,365.0,359.350006,360.869995,360.869995,3449700,0.0
2014-02-11,361.839996,363.609985,356.25,361.790009,361.790009,3222100,0.0
2014-02-12,356.429993,357.75,346.320007,349.25,349.25,6587700,-1.0
2014-02-13,347.700012,357.200012,346.5,357.200012,357.200012,4175000,0.0
2014-02-14,359.339996,359.339996,353.350006,357.350006,357.350006,3520200,1.0
2014-02-18,355.279999,355.730011,349.450012,353.649994,353.649994,4998000,0.0
2014-02-19,352.640015,354.540009,346.100006,347.380005,347.380005,4168100,-1.0
2014-02-20,348.799988,350.459991,344.380005,349.799988,349.799988,3492800,-1.0
2014-02-21,352.440002,354.140015,346.75,346.76001,346.76001,4210000,1.0
2014-02-24,345.190002,353.0,343.290009,351.779999,351.779999,3644700,0.0
2014-02-25,353.0,361.079987,351.579987,358.320007,358.320007,3736400,1.0
2014-02-26,359.859985,364.75,357.170013,359.799988,359.799988,3622100,1.0
2014-02-27,357.220001,360.589996,355.5,360.130005,360.130005,3104900,0.0
2014-02-28,360.600006,365.869995,357.079987,362.100006,362.100006,3882000,1.0
2014-03-03,358.73999,360.959991,354.480011,359.779999,359.779999,2798300,-1.0
2014-03-04,363.899994,365.679993,362.459991,363.899994,363.899994,2704400,1.0
2014-03-05,364.130005,372.730011,363.899994,372.369995,372.369995,3848300,-1.0
2014-03-06,374.049988,375.329987,368.899994,372.160004,372.160004,2926600,-1.0
2014-03-07,374.579987,374.98999,369.529999,372.059998,372.059998,2279800,1.0
2014-03-10,372.690002,372.730011,367.0,370.529999,370.529999,2105800,0.0
2014-03-11,370.98999,372.799988,367.279999,368.820007,368.820007,2246100,1.0
2014-03-12,366.399994,371.160004,363.609985,370.640015,370.640015,2216600,-1.0
2014-03-13,376.619995,383.109985,368.079987,371.51001,371.51001,6829000,-1.0
2014-03-14,372.799988,378.570007,371.549988,373.73999,373.73999,4402200,0.0
2014-03-17,375.720001,378.850006,374.880005,375.040009,375.040009,2303000,-1.0
2014-03-18,377.320007,379.0,375.0,378.769989,378.769989,2483500,1.0
2014-03-19,378.769989,379.0,369.420013,373.230011,373.230011,2646700,-1.0
2014-03-20,370.640015,373.0,366.220001,368.970001,368.970001,2558500,0.0
2014-03-21,371.0,372.839996,358.399994,360.619995,360.619995,5414100,-1.0
2014-03-24,360.089996,361.5,348.600006,351.850006,351.850006,4873500,1.0
2014-03-25,354.029999,358.970001,348.839996,354.709991,354.709991,4445700,1.0
2014-03-26,357.130005,357.600006,343.399994,343.410004,343.410004,4120700,1.0
2014-03-27,343.149994,344.0,330.880005,338.470001,338.470001,5766400,1.0
2014-03-28,340.049988,347.0,336.079987,338.290009,338.290009,3986800,-1.0
2014-03-31,342.399994,346.290009,334.059998,336.369995,336.369995,4297500,-1.0
2014-04-01,338.089996,344.429993,338.0,342.98999,342.98999,3600100,-1.0
2014-04-02,345.98999,348.299988,340.380005,341.959991,341.959991,4475500,1.0
2014-04-03,341.820007,342.5,328.459991,333.619995,333.619995,6399300,1.0
2014-04-04,335.149994,335.440002,315.609985,323.0,323.0,12534600,0.0
2014-04-07,320.98999,324.940002,313.130005,317.76001,317.76001,7077400,0.0
2014-04-08,321.880005,328.0,318.440002,327.070007,327.070007,6577600,-1.0
2014-04-09,328.470001,332.179993,322.5,331.809998,331.809998,5056600,1.0
2014-04-10,330.600006,331.0,316.5,317.109985,317.109985,6126700,0.0
2014-04-11,314.0,316.5,309.5,311.730011,311.730011,7287500,1.0
2014-04-14,317.670013,320.480011,311.279999,315.910004,315.910004,4293500,0.0
2014-04-15,316.700012,318.279999,305.5,316.079987,316.079987,5398600,0.0
2014-04-16,321.170013,324.0,314.709991,323.679993,323.679993,4284900,1.0
2014-04-17,319.76001,328.660004,319.76001,324.910004,324.910004,4299200,0.0
2014-04-21,323.970001,331.149994,322.309998,330.869995,330.869995,2999400,0.0
2014-04-22,332.0,337.5,328.940002,329.320007,329.320007,3711600,0.0
2014-04-23,333.059998,333.130005,323.390015,324.579987,324.579987,3604600,0.0
2014-04-24,329.670013,337.399994,322.950012,337.149994,337.149994,9293700,0.0
2014-04-25,316.25,316.48999,302.709991,303.829987,303.829987,16180200,-1.0
2014-04-28,304.0,304.390015,288.0,296.579987,296.579987,14479800,0.0
2014-04-29,296.440002,301.839996,290.450012,300.380005,300.380005,6509300,0.0
2014-04-30,298.100006,304.559998,298.100006,304.130005,304.130005,4088600,-1.0
2014-05-01,304.130005,310.480011,304.0,307.890015,307.890015,4328600,0.0
2014-05-02,310.420013,313.290009,304.309998,308.01001,308.01001,3995100,0.0
2014-05-05,306.369995,310.230011,305.0,310.049988,310.049988,2519900,1.0
2014-05-06,309.529999,309.809998,297.040009,297.380005,297.380005,4682300,1.0
2014-05-07,295.559998,296.399994,286.679993,292.709991,292.709991,7015200,1.0
2014-05-08,290.820007,295.880005,287.230011,288.320007,288.320007,3848200,1.0
2014-05-09,290.570007,293.679993,284.380005,292.23999,292.23999,4063000,-1.0
2014-05-12,294.299988,303.339996,294.160004,302.859985,302.859985,3729600,0.0
2014-05-13,302.600006,305.600006,300.75,304.640015,304.640015,3509900,-1.0
2014-05-14,302.5,304.640015,296.660004,297.619995,297.619995,3323300,-1.0
2014-05-15,298.019989,299.200012,290.380005,295.190002,295.190002,4295100,1.0
2014-05-16,292.799988,298.880005,291.549988,297.700012,297.700012,3636800,-1.0
2014-05-19,295.76001,299.0,293.809998,296.76001,296.76001,2284200,1.0
2014-05-20,297.100006,304.459991,296.75,301.190002,301.190002,4095700,1.0
2014-05-21,302.209991,305.959991,301.519989,305.01001,305.01001,3408800,1.0
2014-05-22,305.049988,308.540009,303.01001,304.910004,304.910004,2576800,1.0
2014-05-23,305.459991,312.350006,304.899994,312.23999,312.23999,3052900,-1.0
2014-05-27,314.410004,314.630005,307.380005,310.820007,310.820007,4862100,1.0
2014-05-28,309.5,313.820007,307.420013,310.160004,310.160004,2726000,1.0
2014-05-29,310.420013,314.869995,310.200012,313.779999,313.779999,2365500,0.0
2014-05-30,314.429993,314.649994,307.570007,312.549988,312.549988,4260200,0.0
2014-06-02,312.589996,312.600006,307.0,308.839996,308.839996,2203400,0.0
2014-06-03,305.75,307.920013,305.070007,307.190002,307.190002,2379200,1.0
2014-06-04,306.850006,309.5,303.839996,306.779999,306.779999,2107100,1.0
2014-06-05,308.100006,327.940002,306.899994,323.570007,323.570007,7796700,1.0
2014-06-06,325.0,330.880005,324.929993,329.670013,329.670013,5244000,0.0
2014-06-09,331.570007,333.0,325.649994,327.5,327.5,3212200,0.0
2014-06-10,327.649994,335.5,327.5,332.410004,332.410004,3663400,0.0
2014-06-11,336.0,340.720001,333.880005,335.200012,335.200012,4436800,1.0
2014-06-12,335.549988,335.549988,324.660004,325.910004,325.910004,4276300,1.0
2014-06-13,327.049988,329.299988,323.529999,326.269989,326.269989,2764800,0.0
2014-06-16,324.859985,328.690002,323.519989,327.619995,327.619995,2449800,0.0
2014-06-17,327.540009,331.339996,325.230011,325.619995,325.619995,2924100,0.0
2014-06-18,328.0,335.75,325.0,334.380005,334.380005,6401500,1.0
2014-06-19,335.26001,338.899994,325.980011,327.0,327.0,5320600,1.0
2014-06-20,327.76001,328.220001,320.420013,324.200012,324.200012,6054000,-1.0
2014-06-23,323.329987,327.549988,321.410004,327.23999,327.23999,2604800,1.0
2014-06-24,327.540009,329.730011,322.73999,324.160004,324.160004,2626600,1.0
2014-06-25,324.329987,328.149994,321.73999,327.440002,327.440002,2327800,0.0
2014-06-26,328.48999,328.649994,322.130005,325.690002,325.690002,2699500,0.0
2014-06-27,325.880005,326.519989,323.269989,324.570007,324.570007,2416200,-1.0
2014-06-30,324.980011,326.980011,322.23999,324.779999,324.779999,2671300,0.0
2014-07-01,325.859985,333.200012,325.100006,332.390015,332.390015,3173600,1.0
2014-07-02,333.200012,336.76001,331.660004,332.850006,332.850006,2681300,-1.0
2014-07-03,334.829987,338.299988,333.079987,337.48999,337.48999,1944300,1.0
2014-07-07,337.5,337.549988,332.519989,333.549988,333.549988,2128900,0.0
2014-07-08,333.100006,333.73999,321.399994,323.809998,323.809998,4271600,-1.0
2014-07-09,324.709991,330.200012,323.149994,329.970001,329.970001,3166100,1.0
2014-07-10,324.339996,329.980011,322.649994,327.920013,327.920013,2665000,0.0
2014-07-11,334.709991,347.0,334.709991,346.200012,346.200012,8300800,1.0
2014-07-14,347.029999,355.769989,345.359985,355.320007,355.320007,5609900,1.0
2014-07-15,353.720001,355.589996,349.399994,354.440002,354.440002,4170900,0.0
2014-07-16,355.619995,359.320007,353.0,355.899994,355.899994,3503600,0.0
2014-07-17,353.440002,356.959991,351.380005,352.450012,352.450012,3636000,0.0
2014-07-18,354.399994,359.679993,352.079987,358.660004,358.660004,3407400,0.0
2014-07-21,358.100006,361.709991,356.720001,359.76001,359.76001,2278400,0.0
2014-07-22,355.25,362.929993,355.25,360.839996,360.839996,2888900,1.0
2014-07-23,359.049988,360.630005,356.619995,358.140015,358.140015,2687300,1.0
2014-07-24,359.980011,364.850006,358.519989,358.609985,358.609985,7088700,1.0
2014-07-25,317.299988,324.869995,314.76001,324.01001,324.01001,17846500,-1.0
2014-07-28,324.25,324.820007,316.5,320.410004,320.410004,5932000,0.0
2014-07-29,321.980011,322.899994,319.5,320.0,320.0,2883800,0.0
2014-07-30,321.450012,322.730011,318.5,322.51001,322.51001,3969000,-1.0
2014-07-31,320.01001,320.679993,311.859985,312.98999,312.98999,5192000,-1.0
2014-08-01,313.690002,315.829987,304.589996,307.059998,307.059998,7441500,1.0
2014-08-04,308.839996,316.179993,308.5,313.649994,313.649994,4200900,1.0
2014-08-05,313.299988,314.549988,310.059998,312.320007,312.320007,2852100,1.0
2014-08-06,310.829987,315.779999,310.200012,313.890015,313.890015,2296900,0.0
2014-08-07,315.209991,315.880005,309.649994,311.450012,311.450012,2935600,1.0
2014-08-08,311.940002,317.320007,310.660004,316.799988,316.799988,2705900,1.0
2014-08-11,318.480011,320.380005,316.880005,318.329987,318.329987,2468600,-1.0
2014-08-12,318.890015,321.309998,316.950012,319.320007,319.320007,1915800,1.0
2014-08-13,327.600006,331.720001,326.140015,326.279999,326.279999,4939100,1.0
2014-08-14,327.799988,334.089996,326.709991,333.209991,333.209991,3420400,1.0
2014-08-15,334.0,335.0,328.320007,333.630005,333.630005,3896700,0.0
2014-08-18,335.480011,337.799988,333.769989,334.529999,334.529999,2485400,0.0
2014-08-19,334.869995,335.809998,333.01001,335.130005,335.130005,1713800,0.0
2014-08-20,334.679993,337.160004,334.019989,335.779999,335.779999,1810500,0.0
2014-08-21,336.480011,336.579987,332.230011,332.910004,332.910004,1971100,0.0
2014-08-22,332.98999,334.079987,330.799988,331.589996,331.589996,2211200,0.0
2014-08-25,333.209991,336.769989,332.709991,334.019989,334.019989,1957700,0.0
2014-08-26,337.0,344.359985,334.549988,341.829987,341.829987,3654700,1.0
2014-08-27,342.089996,346.670013,341.339996,343.179993,343.179993,2961600,1.0
2014-08-28,340.0,341.790009,338.799988,340.019989,340.019989,2252700,1.0
2014-08-29,341.76001,341.820007,337.679993,339.040009,339.040009,1939500,0.0
2014-09-02,339.980011,342.5,337.160004,342.380005,342.380005,2326000,0.0
2014-09-03,342.540009,343.269989,337.549988,339.0,339.0,1993700,1.0
2014-09-04,343.690002,349.380005,343.579987,345.950012,345.950012,3965600,-1.0
2014-09-05,346.299988,346.829987,342.5,346.380005,346.380005,2107000,-1.0
2014-09-08,344.540009,345.809998,339.040009,342.339996,342.339996,2955300,-1.0
2014-09-09,341.609985,341.76001,329.179993,329.75,329.75,4646800,1.0
2014-09-10,334.299988,334.980011,328.820007,331.329987,331.329987,3797400,0.0
2014-09-11,329.940002,333.01001,326.390015,330.519989,330.519989,2720200,1.0
2014-09-12,329.559998,332.890015,328.790009,331.190002,331.190002,3429300,0.0
2014-09-15,330.910004,331.329987,319.0,323.890015,323.890015,4000400,-1.0
2014-09-16,321.070007,329.480011,320.100006,327.76001,327.76001,3259900,-1.0
2014-09-17,327.76001,328.0,321.519989,324.0,324.0,4136000,-1.0
2014-09-18,325.440002,327.100006,323.709991,325.0,325.0,2576900,1.0
2014-09-19,327.600006,332.76001,325.570007,331.320007,331.320007,6886200,1.0
2014-09-22,328.48999,329.48999,321.059998,324.5,324.5,3109700,0.0
2014-09-23,322.459991,327.600006,321.25,323.630005,323.630005,2352600,0.0
2014-09-24,324.170013,329.440002,319.559998,328.209991,328.209991,2642200,0.0
2014-09-25,327.98999,328.540009,321.399994,321.929993,321.929993,2928800,0.0
2014-09-26,320.600006,323.5,317.640015,323.209991,323.209991,3638000,0.0
2014-09-29,320.5,323.75,319.0,321.820007,321.820007,1924600,1.0
2014-09-30,321.359985,323.429993,318.51001,322.440002,322.440002,2636200,0.0
2014-10-01,322.040009,322.170013,315.549988,317.459991,317.459991,3089100,1.0
2014-10-02,316.920013,318.529999,311.309998,318.410004,318.410004,3553900,1.0
2014-10-03,320.359985,325.160004,319.529999,322.73999,322.73999,3037400,1.0
2014-10-06,323.5,324.130005,319.600006,322.200012,322.200012,2290300,1.0
2014-10-07,319.429993,322.0,316.670013,316.980011,316.980011,2365400,-1.0
2014-10-08,316.579987,324.109985,314.140015,322.700012,322.700012,3452800,0.0
2014-10-09,321.48999,322.269989,314.519989,315.369995,315.369995,3587900,0.0
2014-10-10,314.019989,317.769989,311.380005,311.390015,311.390015,3681900,1.0
2014-10-13,309.869995,313.200012,303.470001,306.450012,306.450012,4363900,0.0
2014-10-14,308.0,312.23999,305.75,308.309998,308.309998,3385800,0.0
2014-10-15,304.350006,307.899994,299.100006,305.970001,305.970001,5343900,1.0
2014-10-16,293.829987,306.820007,293.829987,302.859985,302.859985,4731300,0.0
2014-10-17,307.149994,309.200012,302.720001,303.640015,303.640015,4405100,0.0
2014-10-20,302.950012,306.529999,302.019989,306.209991,306.209991,3234500,0.0
2014-10-21,309.899994,315.640015,307.070007,315.329987,315.329987,3559300,0.0
2014-10-22,315.429993,318.980011,312.640015,312.970001,312.970001,3125900,1.0
2014-10-23,313.399994,316.799988,311.399994,313.179993,313.179993,9038200,0.0
2014-10-24,284.399994,293.809998,284.0,287.059998,287.059998,19801100,-1.0
2014-10-27,285.700012,290.420013,285.019989,289.970001,289.970001,5950600,-1.0
2014-10-28,289.76001,298.0,289.76001,295.589996,295.589996,5572600,-1.0
2014-10-29,299.109985,299.609985,293.070007,294.119995,294.119995,4881900,-1.0
2014-10-30,293.980011,299.73999,292.359985,299.070007,299.070007,4055200,-1.0
2014-10-31,305.149994,305.720001,301.5,305.459991,305.459991,4550700,1.0
2014-11-03,306.23999,308.01001,303.23999,305.720001,305.720001,3242500,1.0
2014-11-04,303.98999,304.25,300.170013,302.809998,302.809998,3427400,0.0
2014-11-05,303.01001,304.0,294.160004,296.519989,296.519989,4674500,-1.0
2014-11-06,296.690002,297.0,292.290009,296.640015,296.640015,3758100,-1.0
2014-11-07,297.820007,299.98999,296.290009,299.859985,299.859985,2647400,0.0
2014-11-10,300.0,305.799988,300.0,305.109985,305.109985,2809100,0.0
2014-11-11,305.940002,312.380005,303.649994,312.01001,312.01001,3803600,0.0
2014-11-12,310.75,312.579987,308.790009,311.51001,311.51001,2183000,0.0
2014-11-13,312.0,317.890015,311.51001,316.480011,316.480011,3686400,0.0
2014-11-14,317.119995,332.880005,316.399994,327.820007,327.820007,8877800,0.0
2014-11-17,326.440002,328.0,318.029999,323.049988,323.049988,4784900,0.0
2014-11-18,323.98999,329.559998,323.25,324.929993,324.929993,3549500,0.0
2014-11-19,327.25,328.399994,324.019989,326.540009,326.540009,3281600,0.0
2014-11-20,324.0,332.670013,323.329987,330.540009,330.540009,3436700,0.0
2014-11-21,335.420013,338.329987,331.470001,332.630005,332.630005,4466600,0.0
2014-11-24,334.779999,337.390015,333.600006,335.640015,335.640015,2754200,0.0
2014-11-25,335.269989,336.329987,331.279999,335.040009,335.040009,2565000,-1.0
2014-11-26,333.779999,334.649994,331.75,333.570007,333.570007,1983600,0.0
2014-11-28,336.029999,341.26001,336.029999,338.640015,338.640015,3051800,0.0
2014-12-01,338.119995,340.640015,325.929993,326.0,326.0,4944900,0.0
2014-12-02,327.5,327.929993,323.25,326.309998,326.309998,2790300,0.0
2014-12-03,325.730011,326.769989,314.359985,316.5,316.5,5681000,1.0
2014-12-04,315.529999,318.589996,313.470001,316.929993,316.929993,3290300,1.0
2014-12-05,316.799988,316.929993,310.839996,312.630005,312.630005,3265200,1.0
2014-12-08,311.570007,316.559998,304.820007,306.640015,306.640015,3639200,1.0
2014-12-09,302.98999,313.640015,301.140015,312.5,312.5,4049500,1.0
2014-12-10,312.0,313.190002,304.679993,305.839996,305.839996,3245900,1.0
2014-12-11,307.890015,312.640015,306.01001,307.359985,307.359985,3262900,1.0
2014-12-12,303.98999,310.640015,303.01001,307.320007,307.320007,3153500,0.0
2014-12-15,308.869995,310.859985,302.149994,306.070007,306.070007,3841600,1.0
2014-12-16,304.350006,304.48999,295.01001,295.059998,295.059998,6501300,1.0
2014-12-17,296.369995,299.670013,293.029999,298.880005,298.880005,4433500,1.0
2014-12-18,304.01001,304.5,293.25,297.730011,297.730011,7738100,0.0
2014-12-19,296.910004,301.540009,295.519989,299.899994,299.899994,8709100,1.0
2014-12-22,301.940002,307.359985,301.940002,306.540009,306.540009,4003800,1.0
2014-12-23,306.980011,307.48999,303.25,306.290009,306.290009,2713700,1.0
2014-12-24,306.380005,307.0,302.880005,303.029999,303.029999,1513800,-1.0
2014-12-26,305.0,310.779999,303.809998,309.089996,309.089996,2893800,-1.0
2014-12-29,307.850006,314.269989,306.579987,312.040009,312.040009,3009000,1.0
2014-12-30,309.910004,313.940002,309.339996,310.299988,310.299988,2093000,1.0
2014-12-31,311.549988,312.980011,310.01001,310.350006,310.350006,2048000,1.0
2015-01-02,312.579987,314.75,306.959991,308.519989,308.519989,2783200,0.0
2015-01-05,307.01001,308.380005,300.850006,302.190002,302.190002,2774200,1.0
2015-01-06,302.23999,303.0,292.380005,295.290009,295.290009,3519000,1.0
2015-01-07,297.5,301.279999,295.329987,298.420013,298.420013,2640300,1.0
2015-01-08,300.320007,303.140015,296.109985,300.459991,300.459991,3088400,0.0
2015-01-09,301.480011,302.869995,296.679993,296.929993,296.929993,2592400,1.0
2015-01-12,297.559998,298.51001,289.279999,291.410004,291.410004,3421400,1.0
2015-01-13,297.480011,301.5,293.230011,294.73999,294.73999,4136400,1.0
2015-01-14,291.929993,295.910004,286.5,293.269989,293.269989,5464600,-1.0
2015-01-15,294.0,296.0,286.820007,286.950012,286.950012,4419200,-1.0
2015-01-16,286.279999,290.790009,285.25,290.73999,290.73999,3478200,-1.0
2015-01-20,292.589996,293.359985,286.390015,289.440002,289.440002,3075100,0.0
2015-01-21,289.640015,306.0,287.26001,297.25,297.25,10065100,-1.0
2015-01-22,300.0,312.25,300.0,310.320007,310.320007,5362600,-1.0
2015-01-23,308.079987,316.929993,307.720001,312.390015,312.390015,4496400,-1.0
2015-01-26,311.820007,313.0,307.519989,309.660004,309.660004,3169700,-1.0
2015-01-27,306.299988,310.23999,302.630005,306.75,306.75,2920300,-1.0
2015-01-28,309.809998,311.51001,303.799988,303.910004,303.910004,3063800,1.0
2015-01-29,304.730011,312.799988,299.329987,311.779999,311.779999,8656600,0.0
2015-01-30,346.320007,359.5,340.73999,354.529999,354.529999,23856100,1.0
2015-02-02,350.049988,365.0,350.01001,364.470001,364.470001,10231900,0.0
2015-02-03,360.290009,367.820007,360.209991,363.549988,363.549988,6212600,1.0
2015-02-04,358.380005,367.5,358.230011,364.75,364.75,4169900,1.0
2015-02-05,366.0,378.799988,365.899994,373.890015,373.890015,7247600,0.0
2015-02-06,374.869995,375.98999,371.01001,374.279999,374.279999,3892400,0.0
2015-02-09,371.0,374.410004,367.200012,370.559998,370.559998,2724600,0.0
2015-02-10,371.190002,374.299988,368.51001,373.0,373.0,2287200,-1.0
2015-02-11,371.230011,377.100006,371.100006,375.140015,375.140015,2786500,-1.0
2015-02-12,375.100006,378.51001,373.149994,377.170013,377.170013,2791100,-1.0
2015-02-13,378.410004,383.0,377.01001,381.829987,381.829987,3475100,1.0
2015-02-17,377.720001,379.98999,372.670013,375.429993,375.429993,3673200,0.0
2015-02-18,373.779999,376.73999,372.850006,373.369995,373.369995,2650600,1.0
2015-02-19,373.48999,381.880005,373.429993,379.0,379.0,2953800,1.0
2015-02-20,378.619995,383.700012,375.839996,383.660004,383.660004,3258000,0.0
2015-02-23,383.440002,384.540009,378.0,380.140015,380.140015,2177000,1.0
2015-02-24,378.649994,380.480011,376.160004,378.589996,378.589996,1920800,-1.0
2015-02-25,377.269989,387.850006,376.540009,385.369995,385.369995,3174500,1.0
2015-02-26,384.070007,389.369995,383.279999,384.799988,384.799988,2687100,1.0
2015-02-27,384.0,385.98999,379.790009,380.160004,380.160004,2532300,0.0
2015-03-02,380.850006,385.899994,379.480011,385.660004,385.660004,2139200,0.0
2015-03-03,383.950012,386.100006,381.600006,384.609985,384.609985,1946500,-1.0
2015-03-04,385.709991,387.899994,382.190002,382.720001,382.720001,2259100,0.0
2015-03-05,385.609985,388.420013,383.890015,387.829987,387.829987,2693500,0.0
2015-03-06,385.519989,387.0,378.880005,380.089996,380.089996,2627000,0.0
2015-03-09,378.399994,379.329987,375.279999,378.559998,378.559998,2311400,-1.0
2015-03-10,377.450012,377.769989,369.179993,369.51001,369.51001,3121000,0.0
2015-03-11,370.609985,373.350006,366.26001,366.369995,366.369995,2495100,0.0
2015-03-12,368.820007,375.5,367.519989,374.23999,374.23999,2810000,1.0
2015-03-13,371.519989,373.98999,366.679993,370.579987,370.579987,2611700,1.0
2015-03-16,370.380005,373.940002,366.720001,373.350006,373.350006,2354100,0.0
2015-03-17,371.109985,374.5,369.640015,371.920013,371.920013,2037000,0.0
2015-03-18,369.970001,375.98999,366.700012,375.140015,375.140015,2654100,0.0
2015-03-19,373.869995,377.109985,372.190002,373.23999,373.23999,1915700,1.0
2015-03-20,376.290009,379.369995,375.920013,378.48999,378.48999,3763600,1.0
2015-03-23,378.070007,381.769989,374.940002,375.109985,375.109985,2239300,0.0
2015-03-24,373.98999,375.23999,372.269989,374.089996,374.089996,2228200,-1.0
2015-03-25,375.170013,380.5,370.290009,370.959991,370.959991,3429500,-1.0
2015-03-26,369.589996,371.399994,365.649994,367.350006,367.350006,2930000,1.0
2015-03-27,367.109985,373.170013,366.570007,370.559998,370.559998,2609800,-1.0
2015-03-30,371.869995,376.119995,371.549988,374.589996,374.589996,1820900,1.0
2015-03-31,373.23999,377.700012,371.51001,372.100006,372.100006,2506100,0.0
2015-04-01,372.100006,373.160004,368.339996,370.26001,370.26001,2458100,0.0
2015-04-02,370.5,373.279999,369.0,372.25,372.25,1875300,0.0
2015-04-06,370.100006,380.200012,369.359985,377.040009,377.040009,3050700,0.0
2015-04-07,376.149994,379.309998,374.029999,374.410004,374.410004,1954900,-1.0
2015-04-08,374.660004,381.579987,374.649994,381.200012,381.200012,2636400,1.0
2015-04-09,380.660004,384.420013,378.799988,383.540009,383.540009,2392300,0.0
2015-04-10,384.309998,387.119995,381.320007,382.649994,382.649994,2573500,1.0
2015-04-13,383.529999,385.279999,380.140015,382.359985,382.359985,1894500,0.0
2015-04-14,383.51001,387.809998,381.209991,385.109985,385.109985,2583600,0.0
2015-04-15,384.649994,385.779999,381.640015,383.450012,383.450012,1933200,-1.0
2015-04-16,383.690002,387.450012,383.549988,386.040009,386.040009,2080400,1.0
2015-04-17,382.630005,383.559998,374.399994,375.559998,375.559998,3839700,1.0
2015-04-20,378.549988,391.940002,377.0,389.51001,389.51001,5016100,0.0
2015-04-21,391.309998,394.600006,386.799988,391.179993,391.179993,4643500,1.0
2015-04-22,391.910004,394.279999,388.0,389.799988,389.799988,3474700,-1.0
2015-04-23,390.209991,391.880005,386.149994,389.98999,389.98999,7980000,-1.0
2015-04-24,439.0,452.649994,439.0,445.100006,445.100006,17176900,1.0
2015-04-27,443.859985,446.98999,437.410004,438.559998,438.559998,5430900,1.0
2015-04-28,438.51001,439.0,428.040009,429.309998,429.309998,4140500,1.0
2015-04-29,426.75,434.23999,426.029999,429.369995,429.369995,3621700,-1.0
2015-04-30,427.109985,431.75,419.23999,421.779999,421.779999,3647900,0.0
2015-05-01,423.820007,425.640015,416.0,422.869995,422.869995,3565800,-1.0
2015-05-04,424.799988,429.769989,422.420013,423.040009,423.040009,2270400,0.0
2015-05-05,422.850006,427.51001,421.019989,421.190002,421.190002,2856400,0.0
2015-05-06,421.429993,422.720001,414.549988,419.100006,419.100006,2552500,0.0
2015-05-07,424.149994,428.5,422.850006,426.880005,426.880005,2766100,1.0
2015-05-08,430.75,435.200012,430.170013,433.690002,433.690002,2908800,1.0
2015-05-11,432.51001,439.0,431.369995,432.850006,432.850006,2393700,0.0
2015-05-12,431.079987,433.25,426.709991,431.019989,431.019989,1947800,1.0
2015-05-13,429.980011,433.529999,425.799988,426.869995,426.869995,1996300,0.0
2015-05-14,429.450012,433.0,427.01001,432.279999,432.279999,1888500,1.0
2015-05-15,428.0,430.399994,424.299988,426.0,426.0,4240300,1.0
2015-05-18,426.0,427.269989,421.459991,425.23999,425.23999,2390200,0.0
2015-05-19,424.869995,428.23999,420.630005,421.709991,421.709991,2464200,0.0
2015-05-20,420.600006,427.100006,418.359985,423.859985,423.859985,2196200,1.0
2015-05-21,428.0,436.899994,428.0,431.630005,431.630005,4121400,-1.0
2015-05-22,431.549988,432.440002,427.609985,427.630005,427.630005,2020600,0.0
2015-05-26,426.200012,427.0,422.0,425.470001,425.470001,2244200,0.0
2015-05-27,427.450012,431.850006,425.01001,431.420013,431.420013,2231100,0.0
2015-05-28,429.709991,431.350006,425.470001,426.570007,426.570007,1912400,1.0
2015-05-29,427.230011,432.5,427.230011,429.230011,429.230011,3016100,0.0
2015-06-01,430.399994,433.160004,426.200012,430.920013,430.920013,2253300,0.0
2015-06-02,430.070007,433.230011,426.25,430.98999,430.98999,1668900,1.0
2015-06-03,434.399994,438.390015,432.75,436.589996,436.589996,2720800,0.0
2015-06-04,434.399994,436.76001,429.26001,430.779999,430.779999,2510800,0.0
2015-06-05,429.660004,430.799988,426.5,426.950012,426.950012,1907900,0.0
2015-06-08,425.619995,426.799988,421.429993,423.5,423.5,2172500,0.0
2015-06-09,422.959991,427.48999,419.140015,425.480011,425.480011,2288700,0.0
2015-06-10,426.459991,432.200012,425.660004,430.769989,430.769989,2172300,1.0
2015-06-11,432.290009,438.890015,431.470001,432.970001,432.970001,2922500,0.0
2015-06-12,431.25,432.359985,428.26001,429.920013,429.920013,2054400,0.0
2015-06-15,427.660004,428.049988,422.640015,423.670013,423.670013,2051000,0.0
2015-06-16,424.149994,427.970001,422.670013,427.26001,427.26001,2296400,-1.0
2015-06-17,428.359985,431.350006,424.75,427.809998,427.809998,2185900,0.0
2015-06-18,430.299988,439.730011,429.410004,439.390015,439.390015,3378400,0.0
2015-06-19,440.26001,444.98999,433.23999,434.920013,434.920013,4495100,0.0
2015-06-22,437.0,439.23999,434.179993,436.290009,436.290009,1823600,0.0
2015-06-23,435.589996,447.040009,433.690002,445.98999,445.98999,3245000,0.0
2015-06-24,444.970001,446.470001,440.230011,440.839996,440.839996,2620800,0.0
2015-06-25,438.070007,443.470001,436.390015,440.100006,440.100006,2237500,0.0
2015-06-26,441.76001,443.48999,435.059998,438.100006,438.100006,2624500,0.0
2015-06-29,434.980011,437.0,429.0,429.859985,429.859985,2753200,1.0
2015-06-30,434.200012,435.570007,430.459991,434.089996,434.089996,2596900,0.0
2015-07-01,439.350006,440.0,435.579987,437.390015,437.390015,1987100,0.0
2015-07-02,437.0,438.200012,433.480011,437.709991,437.709991,1343400,0.0
2015-07-06,435.230011,439.730011,433.519989,436.040009,436.040009,1903200,1.0
2015-07-07,435.679993,437.730011,425.570007,436.720001,436.720001,3454200,0.0
2015-07-08,434.350006,435.98999,428.829987,429.700012,429.700012,2383100,0.0
2015-07-09,434.899994,438.720001,434.149994,434.390015,434.390015,2262900,0.0
2015-07-10,440.48999,444.720001,439.0,443.51001,443.51001,2401000,0.0
2015-07-13,448.290009,457.869995,447.540009,455.570007,455.570007,3956800,1.0
2015-07-14,462.320007,469.600006,458.160004,465.570007,465.570007,4736200,1.0
2015-07-15,463.040009,464.700012,460.200012,461.190002,461.190002,2987400,0.0
2015-07-16,465.5,475.880005,464.799988,475.480011,475.480011,4095600,0.0
2015-07-17,477.700012,485.420013,477.25,483.01001,483.01001,4932200,0.0
2015-07-20,492.570007,493.200012,485.399994,488.100006,488.100006,4752500,0.0
2015-07-21,487.899994,488.880005,482.549988,488.0,488.0,3181800,0.0
2015-07-22,485.98999,492.5,484.899994,488.269989,488.269989,3114900,0.0
2015-07-23,491.660004,491.660004,475.700012,482.179993,482.179993,9374400,1.0
2015-07-24,578.98999,580.570007,529.349976,529.419983,529.419983,21909400,1.0
2015-07-27,527.75,544.950012,526.599976,531.409973,531.409973,7491000,-1.0
2015-07-28,536.0,536.390015,523.119995,526.030029,526.030029,5273100,0.0
2015-07-29,530.919983,532.969971,525.02002,529.0,529.0,3752600,0.0
2015-07-30,527.650024,539.200012,524.289978,536.76001,536.76001,3743100,0.0
2015-07-31,539.090027,542.840027,534.52002,536.150024,536.150024,3025600,0.0
2015-08-03,537.450012,540.440002,529.359985,535.030029,535.030029,3014200,0.0
2015-08-04,529.690002,536.950012,529.159973,531.900024,531.900024,2934600,0.0
2015-08-05,538.799988,539.140015,534.119995,537.01001,537.01001,2889400,0.0
2015-08-06,539.299988,542.73999,527.52002,529.460022,529.460022,3820500,0.0
2015-08-07,529.159973,529.460022,518.210022,522.619995,522.619995,3969200,0.0
2015-08-10,528.52002,532.280029,523.0,524.0,524.0,2615900,1.0
2015-08-11,523.650024,528.97998,522.0,527.460022,527.460022,2676600,0.0
2015-08-12,523.75,527.5,513.059998,525.909973,525.909973,3962300,-1.0
2015-08-13,527.369995,534.659973,525.48999,529.659973,529.659973,2895200,1.0
2015-08-14,528.25,534.109985,528.25,531.52002,531.52002,1994800,0.0
2015-08-17,531.289978,538.73999,527.119995,535.219971,535.219971,2581700,1.0
2015-08-18,535.039978,539.48999,533.0,535.02002,535.02002,2071300,-1.0
2015-08-19,533.73999,537.25,529.0,532.919983,532.919983,2313500,1.0
2015-08-20,530.390015,533.25,515.77002,515.780029,515.780029,4408000,0.0
2015-08-21,507.359985,512.330017,494.470001,494.470001,494.470001,6706500,1.0
2015-08-24,463.579987,476.579987,451.0,463.369995,463.369995,10097600,-1.0
2015-08-25,487.48999,489.440002,466.25,466.369995,466.369995,5679300,0.0
2015-08-26,484.019989,503.720001,478.76001,500.769989,500.769989,6358600,1.0
2015-08-27,513.710022,522.690002,507.26001,518.369995,518.369995,6114500,0.0
2015-08-28,517.5,521.5,513.039978,518.01001,518.01001,2746700,1.0
2015-08-31,516.440002,519.409973,509.070007,512.890015,512.890015,3002300,-1.0
2015-09-01,499.140015,510.0,493.429993,496.540009,496.540009,3864500,0.0
2015-09-02,505.089996,510.859985,497.720001,510.549988,510.549988,3707100,-1.0
2015-09-03,514.5,515.840027,502.570007,504.720001,504.720001,3149700,0.0
2015-09-04,497.649994,502.850006,495.640015,499.0,499.0,2692500,-1.0
2015-09-08,508.690002,518.349976,508.51001,517.539978,517.539978,3810700,0.0
2015-09-09,524.0,529.950012,515.059998,516.890015,516.890015,4370700,0.0
2015-09-10,515.150024,526.130005,514.780029,522.23999,522.23999,2576000,0.0
2015-09-11,521.070007,529.440002,520.609985,529.440002,529.440002,3227900,0.0
2015-09-14,529.440002,532.450012,518.580017,521.380005,521.380005,3130200,0.0
2015-09-15,523.25,527.919983,517.200012,522.369995,522.369995,2865900,1.0
2015-09-16,521.97998,528.299988,518.52002,527.390015,527.390015,2252800,1.0
2015-09-17,526.97998,546.969971,526.570007,538.869995,538.869995,4169500,0.0
2015-09-18,534.619995,546.23999,531.349976,540.26001,540.26001,6160100,0.0
2015-09-21,544.330017,549.780029,539.590027,548.390015,548.390015,3283300,0.0
2015-09-22,539.710022,543.549988,532.659973,538.400024,538.400024,3841700,1.0
2015-09-23,538.299988,541.210022,534.0,536.070007,536.070007,2237600,0.0
2015-09-24,530.549988,534.559998,522.869995,533.75,533.75,3501000,0.0
2015-09-25,542.570007,542.799988,521.400024,524.25,524.25,4031000,0.0
2015-09-28,520.02002,520.280029,494.329987,504.059998,504.059998,5434500,0.0
2015-09-29,506.0,511.480011,490.5,496.070007,496.070007,4457500,0.0
2015-09-30,505.440002,512.799988,501.670013,511.890015,511.890015,4004700,-1.0
2015-10-01,511.0,520.799988,506.0,520.719971,520.719971,3768500,0.0
2015-10-02,512.98999,532.599976,508.100006,532.539978,532.539978,4597800,-1.0
2015-10-05,536.98999,545.909973,536.0,543.679993,543.679993,3391400,0.0
2015-10-06,545.5,551.5,533.330017,537.47998,537.47998,4502800,0.0
2015-10-07,541.789978,542.0,529.0,541.940002,541.940002,3812100,0.0
2015-10-08,536.710022,539.390015,519.890015,533.159973,533.159973,4676400,0.0
2015-10-09,534.47998,541.789978,530.27002,539.799988,539.799988,3537400,1.0
2015-10-12,539.960022,550.820007,539.799988,550.190002,550.190002,2776100,-1.0
2015-10-13,546.26001,553.200012,543.099976,548.900024,548.900024,2938000,1.0
2015-10-14,551.340027,552.25,539.679993,544.830017,544.830017,3582100,-1.0
2015-10-15,547.75,563.0,547.0,562.440002,562.440002,4937000,0.0
2015-10-16,565.27002,570.940002,560.309998,570.76001,570.76001,4315800,0.0
2015-10-19,570.76001,579.0,567.380005,573.150024,573.150024,4375400,0.0
2015-10-20,572.0,573.0,555.280029,560.880005,560.880005,4327900,1.0
2015-10-21,563.869995,565.25,552.52002,555.77002,555.77002,3343600,-1.0
2015-10-22,562.700012,569.150024,556.669983,563.909973,563.909973,7779400,1.0
2015-10-23,617.679993,619.450012,595.359985,599.030029,599.030029,10692700,-1.0
2015-10-26,602.299988,609.849976,596.289978,608.609985,608.609985,4269700,0.0
2015-10-27,608.599976,614.710022,605.530029,611.01001,611.01001,3787100,-1.0
2015-10-28,612.299988,617.22998,609.5,617.099976,617.099976,3926200,-1.0
2015-10-29,617.700012,627.539978,615.390015,626.549988,626.549988,3896000,0.0
2015-10-30,626.01001,630.719971,625.280029,625.900024,625.900024,3874400,0.0
2015-11-02,627.130005,628.630005,620.409973,628.349976,628.349976,2816500,0.0
2015-11-03,629.530029,629.890015,622.0,625.309998,625.309998,3246900,0.0
2015-11-04,627.76001,645.929993,627.349976,640.950012,640.950012,4840500,1.0
2015-11-05,647.099976,657.0,643.090027,655.650024,655.650024,4723800,1.0
2015-11-06,655.0,662.26001,652.0,659.369995,659.369995,4092200,0.0
2015-11-09,658.650024,661.960022,647.849976,655.48999,655.48999,4048800,1.0
2015-11-10,651.01001,660.0,647.26001,659.679993,659.679993,3489500,1.0
2015-11-11,663.25,675.960022,663.25,673.25,673.25,5387300,-1.0
2015-11-12,673.0,675.640015,664.219971,665.599976,665.599976,4284700,1.0
2015-11-13,663.570007,667.0,640.450012,642.349976,642.349976,6261100,0.0
2015-11-16,640.919983,649.98999,622.289978,647.809998,647.809998,7435900,1.0
2015-11-17,650.650024,653.25,641.0,643.299988,643.299988,4320200,0.0
2015-11-18,646.51001,664.880005,646.369995,663.539978,663.539978,4469800,1.0
2015-11-19,664.98999,672.859985,659.0,661.27002,661.27002,4705200,0.0
2015-11-20,667.940002,668.869995,657.570007,668.450012,668.450012,3896100,0.0
2015-11-23,671.5,682.77002,670.119995,678.98999,678.98999,4385100,1.0
2015-11-24,674.140015,675.799988,661.210022,671.150024,671.150024,4543400,0.0
2015-11-25,675.0,679.700012,671.23999,675.340027,675.340027,2697900,-1.0
2015-11-27,680.799988,680.98999,672.099976,673.26001,673.26001,1966800,0.0
2015-11-30,675.900024,681.289978,664.599976,664.799988,664.799988,5693200,1.0
2015-12-01,673.75,681.0,667.859985,679.059998,679.059998,4751200,1.0
2015-12-02,681.0,684.820007,674.25,676.01001,676.01001,4273500,1.0
2015-12-03,679.440002,682.789978,661.47998,666.25,666.25,5064700,-1.0
2015-12-04,666.0,674.780029,661.400024,672.640015,672.640015,4534800,0.0
2015-12-07,674.73999,675.460022,660.5,669.830017,669.830017,3732800,-1.0
2015-12-08,663.130005,679.98999,659.789978,677.330017,677.330017,3651900,0.0
2015-12-09,678.0,679.0,655.679993,664.789978,664.789978,5158200,0.0
2015-12-10,665.590027,668.530029,659.559998,662.320007,662.320007,3440200,-1.0
2015-12-11,651.22998,657.880005,639.619995,640.150024,640.150024,5474400,1.0
2015-12-14,641.75,658.590027,635.27002,657.909973,657.909973,4329700,1.0
2015-12-15,665.030029,671.5,657.349976,658.640015,658.640015,4753400,0.0
2015-12-16,663.559998,677.349976,659.320007,675.77002,675.77002,3964500,0.0
2015-12-17,680.0,682.5,670.650024,670.650024,670.650024,3681600,0.0
2015-12-18,668.650024,676.840027,664.130005,664.140015,664.140015,6841300,0.0
2015-12-21,668.5,669.900024,658.929993,664.51001,664.51001,3250900,-1.0
2015-12-22,666.830017,668.48999,659.26001,663.150024,663.150024,2667800,0.0
2015-12-23,666.5,666.599976,656.630005,663.700012,663.700012,2722900,1.0
2015-12-24,663.349976,664.679993,660.599976,662.789978,662.789978,1091200,0.0
2015-12-28,665.559998,675.5,665.5,675.200012,675.200012,3783600,0.0
2015-12-29,677.97998,696.440002,677.890015,693.969971,693.969971,5735000,1.0
2015-12-30,691.890015,695.48999,686.380005,689.070007,689.070007,3519000,1.0
2015-12-31,686.080017,687.75,675.890015,675.890015,675.890015,3718200,1.0
2016-01-04,656.289978,657.719971,627.51001,636.98999,636.98999,9314500,-1.0
2016-01-05,646.859985,646.909973,627.650024,633.789978,633.789978,5822600,-1.0
2016-01-06,622.0,639.789978,620.309998,632.650024,632.650024,5329200,-1.0
2016-01-07,621.799988,630.0,605.210022,607.940002,607.940002,7074900,1.0
2016-01-08,619.659973,624.140015,606.0,607.049988,607.049988,5512900,1.0
2016-01-11,612.47998,619.849976,598.570007,617.73999,617.73999,4891600,0.0
2016-01-12,625.25,625.98999,612.23999,617.890015,617.890015,4724100,0.0
2016-01-13,620.880005,620.880005,579.159973,581.809998,581.809998,7655200,-1.0
2016-01-14,580.25,602.25,569.880005,593.0,593.0,7238000,1.0
2016-01-15,572.23999,584.619995,565.299988,570.179993,570.179993,7754500,1.0
2016-01-19,577.090027,584.0,566.450012,574.47998,574.47998,4807200,-1.0
2016-01-20,564.359985,578.450012,547.179993,571.77002,571.77002,7966400,-1.0
2016-01-21,573.580017,588.809998,568.219971,575.02002,575.02002,4952200,1.0
2016-01-22,588.72998,600.099976,584.109985,596.380005,596.380005,5120100,1.0
2016-01-25,597.98999,608.5,594.559998,596.530029,596.530029,4396100,0.0
2016-01-26,603.450012,604.5,590.380005,601.25,601.25,3765700,0.0
2016-01-27,601.98999,603.390015,578.780029,583.349976,583.349976,5152900,0.0
2016-01-28,608.369995,638.059998,597.549988,635.349976,635.349976,14015200,1.0
2016-01-29,571.97998,593.0,570.0,587.0,587.0,14677600,1.0
2016-02-01,578.150024,581.799988,570.309998,574.809998,574.809998,6355100,0.0
2016-02-02,570.0,571.559998,550.090027,552.099976,552.099976,6312000,1.0
2016-02-03,553.5,556.0,521.900024,531.070007,531.070007,10048700,1.0
2016-02-04,525.0,538.98999,519.219971,536.26001,536.26001,6199100,-1.0
2016-02-05,529.280029,529.450012,499.190002,502.130005,502.130005,9708900,-1.0
2016-02-08,486.470001,493.5,475.209991,488.100006,488.100006,9825500,-1.0
2016-02-09,478.01001,498.380005,474.0,482.070007,482.070007,7077900,-1.0
2016-02-10,491.76001,504.660004,486.0,490.480011,490.480011,6786200,1.0
2016-02-11,491.170013,509.299988,484.0,503.820007,503.820007,7397400,0.0
2016-02-12,510.700012,516.75,501.48999,507.079987,507.079987,5384800,0.0
2016-02-16,519.47998,524.450012,511.660004,521.099976,521.099976,5118500,-1.0
2016-02-17,528.73999,537.47998,519.390015,534.099976,534.099976,4824000,0.0
2016-02-18,541.190002,541.200012,523.72998,525.0,525.0,4735000,0.0
2016-02-19,520.710022,535.950012,515.349976,534.900024,534.900024,4974700,1.0
2016-02-22,542.200012,560.650024,541.080017,559.5,559.5,5566600,1.0
2016-02-23,555.549988,556.909973,545.330017,552.940002,552.940002,4050800,1.0
2016-02-24,545.75,554.27002,533.150024,554.039978,554.039978,6231700,-1.0
2016-02-25,555.52002,559.390015,545.289978,555.150024,555.150024,4525500,1.0
2016-02-26,560.119995,562.5,553.169983,555.22998,555.22998,4877000,-1.0
2016-02-29,554.0,564.809998,552.51001,552.52002,552.52002,4145400,1.0
2016-03-01,556.289978,579.25,556.0,579.039978,579.039978,5038500,1.0
2016-03-02,581.75,585.0,573.700012,580.210022,580.210022,4582200,0.0
2016-03-03,577.960022,579.869995,573.109985,577.48999,577.48999,2741300,1.0
2016-03-04,581.070007,581.400024,571.070007,575.140015,575.140015,3416500,0.0
2016-03-07,573.539978,573.630005,555.549988,562.799988,562.799988,4926900,0.0
2016-03-08,557.869995,571.349976,554.73999,560.26001,560.26001,4730000,0.0
2016-03-09,559.559998,560.349976,550.130005,559.469971,559.469971,4377300,1.0
2016-03-10,566.73999,567.0,547.900024,558.929993,558.929993,3919900,-1.0
2016-03-11,566.950012,570.059998,562.72998,569.609985,569.609985,3771300,-1.0
2016-03-14,567.0,576.890015,563.049988,573.369995,573.369995,3454200,0.0
2016-03-15,571.0,581.52002,567.0,577.02002,577.02002,3876800,0.0
2016-03-16,576.640015,581.320007,571.140015,574.27002,574.27002,3537700,-1.0
2016-03-17,569.51001,571.400024,555.01001,559.440002,559.440002,5928100,0.0
2016-03-18,560.940002,562.330017,546.090027,552.080017,552.080017,7296900,-1.0
2016-03-21,548.909973,555.23999,538.580017,553.97998,553.97998,5155700,0.0
2016-03-22,545.109985,562.76001,545.049988,560.47998,560.47998,4000600,-1.0
2016-03-23,561.0,572.47998,558.099976,569.630005,569.630005,3983700,0.0
2016-03-24,567.109985,583.549988,567.080017,582.950012,582.950012,5185500,1.0
2016-03-28,584.400024,584.75,575.559998,579.869995,579.869995,3121500,0.0
2016-03-29,580.150024,595.849976,576.5,593.859985,593.859985,4392600,1.0
2016-03-30,596.710022,603.23999,595.0,598.690002,598.690002,3890500,-1.0
2016-03-31,599.280029,600.75,592.210022,593.640015,593.640015,2681800,-1.0
